Ticker,1hour
GME,269
AMC,133
F,5
PDD,1
NOK,28
BB,10
CRSR,1
VFF,1
XOM,2
NGL,1
RKT,22
PSTH,1
TSLA,10
GSAT,1
MSFT,4
MAXR,1
KMPH,5
BABA,1
TLRY,4
XSPA,1
OPK,1
UI,1
APHA,4
GPRO,7
CCIV,2
DKNG,3
UWMC,9
PLTR,21
SPG,1
SNDL,7
ZOM,1
AAPL,10
ATH,4
SLS,1
MMM,1
EOD,1
BJ,1
CHWY,1
OCGN,2
AEO,2
EXPR,1
BBW,1
GPI,1
NYT,1
MVIS,3
NIO,2
GOEV,5
STIC,1
ACH,1
VIAC,1
FSR,1
SBUX,2
CRON,1
DM,1
RBLX,4
CUK,2
AMZN,1
CCL,2
NP,1
EDF,1
MOR,1
ENPH,1
SPCE,1
TTD,1
HGEN,1
